Libellé,Valeur,Numérateur,Dénominateur
SG&A sur CA,113.51724137931035,9876.0,87.0
G&A sur CA,7.517241379310345,654.0,87.0
Coût Finance sur CA,11.367816091954023,989.0,87.0
Dépenses IT sur CA,0.8526727509778357,654.0,767.0
Salariés gérés par ETP RH,9.045977011494253,787.0,87.0
Selling & Marketing cost sur CA,0.10344827586206896,9.0,87.0
Coût Marketing sur CA,11.344827586206897,987.0,87.0
