Libellé,Valeur,Numérateur,Dénominateur
SG&A sur CA,0.9999433000963899,9876.0,9876.56
G&A sur CA,0.06621738743044137,654.0,9876.56
Coût Finance sur CA,0.1001360797686644,989.0,9876.56
Dépenses IT sur CA,0.8526727509778357,654.0,767.0
Salariés gérés par ETP RH,0.07968361453785529,787.0,9876.56
Selling & Marketing cost sur CA,0.0009112484508776335,9.0,9876.56
Coût Marketing sur CA,0.09993358011291381,987.0,9876.56
